ordernumber;productcode;quantityordered;priceeach;orderlinenumber;orderdate;shippeddate;status;customernumber;country
10100;S18_1749       ;30;136;3;2020/01/06 00:00:00.000;2020/01/10 00:00:00.000;Shipped        ;363;USA                                               
10100;S18_2248       ;50;55.1;2;2020/01/06 00:00:00.000;2020/01/10 00:00:00.000;Shipped        ;363;USA                                               
10100;S18_4409       ;22;75.5;4;2020/01/06 00:00:00.000;2020/01/10 00:00:00.000;Shipped        ;363;USA                                               
10100;S24_3969       ;49;35.3;1;2020/01/06 00:00:00.000;2020/01/10 00:00:00.000;Shipped        ;363;USA                                               
10101;S18_2325       ;25;108.1;4;2020/01/09 00:00:00.000;2020/01/11 00:00:00.000;Shipped        ;128;Germany                                           
10101;S18_2795       ;26;167.1;1;2020/01/09 00:00:00.000;2020/01/11 00:00:00.000;Shipped        ;128;Germany                                           
10101;S24_1937       ;45;32.5;3;2020/01/09 00:00:00.000;2020/01/11 00:00:00.000;Shipped        ;128;Germany                                           
10101;S24_2022       ;46;44.4;2;2020/01/09 00:00:00.000;2020/01/11 00:00:00.000;Shipped        ;128;Germany                                           
10102;S18_1342       ;39;95.6;2;2020/01/10 00:00:00.000;2020/01/14 00:00:00.000;Shipped        ;181;USA                                               
10102;S18_1367       ;41;43.1;1;2020/01/10 00:00:00.000;2020/01/14 00:00:00.000;Shipped        ;181;USA                                               
10103;S10_1949       ;26;214.3;11;2020/01/29 00:00:00.000;2020/02/02 00:00:00.000;Shipped        ;121;Norway                                            
10103;S10_4962       ;42;119.7;4;2020/01/29 00:00:00.000;2020/02/02 00:00:00.000;Shipped        ;121;Norway                                            
10103;S12_1666       ;27;121.6;8;2020/01/29 00:00:00.000;2020/02/02 00:00:00.000;Shipped        ;121;Norway                                            
10103;S18_1097       ;35;94.5;10;2020/01/29 00:00:00.000;2020/02/02 00:00:00.000;Shipped        ;121;Norway                                            
10103;S18_2432       ;22;58.3;2;2020/01/29 00:00:00.000;2020/02/02 00:00:00.000;Shipped        ;121;Norway                                            
10103;S18_2949       ;27;92.2;12;2020/01/29 00:00:00.000;2020/02/02 00:00:00.000;Shipped        ;121;Norway                                            
10103;S18_2957       ;35;61.8;14;2020/01/29 00:00:00.000;2020/02/02 00:00:00.000;Shipped        ;121;Norway                                            
10103;S18_3136       ;25;86.9;13;2020/01/29 00:00:00.000;2020/02/02 00:00:00.000;Shipped        ;121;Norway                                            
10103;S18_3320       ;46;86.3;16;2020/01/29 00:00:00.000;2020/02/02 00:00:00.000;Shipped        ;121;Norway                                            
10103;S18_4600       ;36;98.1;5;2020/01/29 00:00:00.000;2020/02/02 00:00:00.000;Shipped        ;121;Norway                                            
10103;S18_4668       ;41;40.8;9;2020/01/29 00:00:00.000;2020/02/02 00:00:00.000;Shipped        ;121;Norway                                            
10103;S24_2300       ;36;107.3;1;2020/01/29 00:00:00.000;2020/02/02 00:00:00.000;Shipped        ;121;Norway                                            
10103;S24_4258       ;25;88.6;15;2020/01/29 00:00:00.000;2020/02/02 00:00:00.000;Shipped        ;121;Norway                                            
10103;S32_1268       ;31;92.5;3;2020/01/29 00:00:00.000;2020/02/02 00:00:00.000;Shipped        ;121;Norway                                            
10103;S32_3522       ;45;63.4;7;2020/01/29 00:00:00.000;2020/02/02 00:00:00.000;Shipped        ;121;Norway                                            
10103;S700_2824      ;42;94.1;6;2020/01/29 00:00:00.000;2020/02/02 00:00:00.000;Shipped        ;121;Norway                                            
10104;S12_3148       ;34;131.4;1;2020/01/31 00:00:00.000;2020/02/01 00:00:00.000;Shipped        ;141;Spain                                             
10104;S12_4473       ;41;111.4;9;2020/01/31 00:00:00.000;2020/02/01 00:00:00.000;Shipped        ;141;Spain                                             
10104;S18_2238       ;24;135.9;8;2020/01/31 00:00:00.000;2020/02/01 00:00:00.000;Shipped        ;141;Spain                                             
10104;S18_2319       ;29;122.7;12;2020/01/31 00:00:00.000;2020/02/01 00:00:00.000;Shipped        ;141;Spain                                             
10104;S18_3232       ;23;166;13;2020/01/31 00:00:00.000;2020/02/01 00:00:00.000;Shipped        ;141;Spain                                             
10104;S18_4027       ;38;119.2;3;2020/01/31 00:00:00.000;2020/02/01 00:00:00.000;Shipped        ;141;Spain                                             
10104;S24_1444       ;35;52;6;2020/01/31 00:00:00.000;2020/02/01 00:00:00.000;Shipped        ;141;Spain                                             
10104;S24_2840       ;44;30.4;10;2020/01/31 00:00:00.000;2020/02/01 00:00:00.000;Shipped        ;141;Spain                                             
10104;S24_4048       ;26;106.4;5;2020/01/31 00:00:00.000;2020/02/01 00:00:00.000;Shipped        ;141;Spain                                             
10104;S32_2509       ;35;52;11;2020/01/31 00:00:00.000;2020/02/01 00:00:00.000;Shipped        ;141;Spain                                             
10104;S32_3207       ;49;56.6;4;2020/01/31 00:00:00.000;2020/02/01 00:00:00.000;Shipped        ;141;Spain                                             
10104;S50_1392       ;33;114.6;7;2020/01/31 00:00:00.000;2020/02/01 00:00:00.000;Shipped        ;141;Spain                                             
10104;S50_1514       ;32;53.3;2;2020/01/31 00:00:00.000;2020/02/01 00:00:00.000;Shipped        ;141;Spain                                             
10105;S10_4757       ;50;127.8;2;2020/02/11 00:00:00.000;2020/02/12 00:00:00.000;Shipped        ;145;Denmark                                           
10105;S12_1108       ;41;205.7;15;2020/02/11 00:00:00.000;2020/02/12 00:00:00.000;Shipped        ;145;Denmark                                           
10105;S12_3891       ;29;141.9;14;2020/02/11 00:00:00.000;2020/02/12 00:00:00.000;Shipped        ;145;Denmark                                           
10105;S18_3140       ;22;136.6;11;2020/02/11 00:00:00.000;2020/02/12 00:00:00.000;Shipped        ;145;Denmark                                           
10105;S18_3259       ;38;87.7;13;2020/02/11 00:00:00.000;2020/02/12 00:00:00.000;Shipped        ;145;Denmark                                           
10105;S18_4522       ;41;75.5;10;2020/02/11 00:00:00.000;2020/02/12 00:00:00.000;Shipped        ;145;Denmark                                           
10105;S24_2011       ;43;118;9;2020/02/11 00:00:00.000;2020/02/12 00:00:00.000;Shipped        ;145;Denmark                                           
10105;S24_3151       ;44;73.5;4;2020/02/11 00:00:00.000;2020/02/12 00:00:00.000;Shipped        ;145;Denmark                                           
10105;S24_3816       ;50;75.5;1;2020/02/11 00:00:00.000;2020/02/12 00:00:00.000;Shipped        ;145;Denmark                                           
10105;S700_1138      ;41;54;5;2020/02/11 00:00:00.000;2020/02/12 00:00:00.000;Shipped        ;145;Denmark                                           
10105;S700_1938      ;29;86.6;12;2020/02/11 00:00:00.000;2020/02/12 00:00:00.000;Shipped        ;145;Denmark                                           
10105;S700_2610      ;31;60.7;3;2020/02/11 00:00:00.000;2020/02/12 00:00:00.000;Shipped        ;145;Denmark                                           
10105;S700_3505      ;39;92.2;6;2020/02/11 00:00:00.000;2020/02/12 00:00:00.000;Shipped        ;145;Denmark                                           
10105;S700_3962      ;22;99.3;7;2020/02/11 00:00:00.000;2020/02/12 00:00:00.000;Shipped        ;145;Denmark                                           
10105;S72_3212       ;25;44.8;8;2020/02/11 00:00:00.000;2020/02/12 00:00:00.000;Shipped        ;145;Denmark                                           
10106;S18_1662       ;36;134;12;2020/02/17 00:00:00.000;2020/02/21 00:00:00.000;Shipped        ;278;Italy                                             
10106;S18_2581       ;34;81.1;2;2020/02/17 00:00:00.000;2020/02/21 00:00:00.000;Shipped        ;278;Italy                                             
10106;S18_3029       ;41;80.9;18;2020/02/17 00:00:00.000;2020/02/21 00:00:00.000;Shipped        ;278;Italy                                             
10106;S18_3856       ;41;94.2;17;2020/02/17 00:00:00.000;2020/02/21 00:00:00.000;Shipped        ;278;Italy                                             
10106;S24_1785       ;28;107.2;4;2020/02/17 00:00:00.000;2020/02/21 00:00:00.000;Shipped        ;278;Italy                                             
10106;S24_2841       ;49;65.8;13;2020/02/17 00:00:00.000;2020/02/21 00:00:00.000;Shipped        ;278;Italy                                             
10106;S24_3420       ;31;55.9;14;2020/02/17 00:00:00.000;2020/02/21 00:00:00.000;Shipped        ;278;Italy                                             
10106;S24_3949       ;50;56;11;2020/02/17 00:00:00.000;2020/02/21 00:00:00.000;Shipped        ;278;Italy                                             
10106;S24_4278       ;26;71;3;2020/02/17 00:00:00.000;2020/02/21 00:00:00.000;Shipped        ;278;Italy                                             
10106;S32_4289       ;33;65.4;5;2020/02/17 00:00:00.000;2020/02/21 00:00:00.000;Shipped        ;278;Italy                                             
10106;S50_1341       ;39;35.8;6;2020/02/17 00:00:00.000;2020/02/21 00:00:00.000;Shipped        ;278;Italy                                             
10106;S700_1691      ;31;91.3;7;2020/02/17 00:00:00.000;2020/02/21 00:00:00.000;Shipped        ;278;Italy                                             
10106;S700_2047      ;30;85.1;16;2020/02/17 00:00:00.000;2020/02/21 00:00:00.000;Shipped        ;278;Italy                                             
10106;S700_2466      ;34;99.7;9;2020/02/17 00:00:00.000;2020/02/21 00:00:00.000;Shipped        ;278;Italy                                             
10106;S700_2834      ;32;113.9;1;2020/02/17 00:00:00.000;2020/02/21 00:00:00.000;Shipped        ;278;Italy                                             
10106;S700_3167      ;44;76;8;2020/02/17 00:00:00.000;2020/02/21 00:00:00.000;Shipped        ;278;Italy                                             
10106;S700_4002      ;48;70.3;10;2020/02/17 00:00:00.000;2020/02/21 00:00:00.000;Shipped        ;278;Italy                                             
10106;S72_1253       ;48;43.7;15;2020/02/17 00:00:00.000;2020/02/21 00:00:00.000;Shipped        ;278;Italy                                             
10107;S10_1678       ;30;81.4;2;2020/02/24 00:00:00.000;2020/02/26 00:00:00.000;Shipped        ;131;USA                                               
10107;S10_2016       ;39;105.9;5;2020/02/24 00:00:00.000;2020/02/26 00:00:00.000;Shipped        ;131;USA                                               
10107;S10_4698       ;27;172.4;4;2020/02/24 00:00:00.000;2020/02/26 00:00:00.000;Shipped        ;131;USA                                               
10107;S12_2823       ;21;122;1;2020/02/24 00:00:00.000;2020/02/26 00:00:00.000;Shipped        ;131;USA                                               
10107;S18_2625       ;29;52.7;6;2020/02/24 00:00:00.000;2020/02/26 00:00:00.000;Shipped        ;131;USA                                               
10107;S24_1578       ;25;96.9;3;2020/02/24 00:00:00.000;2020/02/26 00:00:00.000;Shipped        ;131;USA                                               
10107;S24_2020       ;38;73.1;7;2020/02/24 00:00:00.000;2020/02/26 00:00:00.000;Shipped        ;131;USA                                               
10107;S32_1374       ;20;88.9;8;2020/02/24 00:00:00.000;2020/02/26 00:00:00.000;Shipped        ;131;USA                                               
10108;S12_1099       ;33;165.4;6;2020/03/03 00:00:00.000;2020/03/08 00:00:00.000;Shipped        ;385;Philippines                                       
10108;S12_3380       ;45;96.3;4;2020/03/03 00:00:00.000;2020/03/08 00:00:00.000;Shipped        ;385;Philippines                                       
10108;S12_3990       ;39;75.8;7;2020/03/03 00:00:00.000;2020/03/08 00:00:00.000;Shipped        ;385;Philippines                                       
10108;S12_4675       ;36;107.1;3;2020/03/03 00:00:00.000;2020/03/08 00:00:00.000;Shipped        ;385;Philippines                                       
10108;S18_1889       ;38;67.8;2;2020/03/03 00:00:00.000;2020/03/08 00:00:00.000;Shipped        ;385;Philippines                                       
10108;S18_3278       ;26;73.2;9;2020/03/03 00:00:00.000;2020/03/08 00:00:00.000;Shipped        ;385;Philippines                                       
10108;S18_3482       ;29;132.3;8;2020/03/03 00:00:00.000;2020/03/08 00:00:00.000;Shipped        ;385;Philippines                                       
10108;S18_3782       ;43;52.8;12;2020/03/03 00:00:00.000;2020/03/08 00:00:00.000;Shipped        ;385;Philippines                                       
10108;S18_4721       ;44;139.9;11;2020/03/03 00:00:00.000;2020/03/08 00:00:00.000;Shipped        ;385;Philippines                                       
10108;S24_2360       ;35;64.4;15;2020/03/03 00:00:00.000;2020/03/08 00:00:00.000;Shipped        ;385;Philippines                                       
10108;S24_3371       ;30;60;5;2020/03/03 00:00:00.000;2020/03/08 00:00:00.000;Shipped        ;385;Philippines                                       
10108;S24_3856       ;40;132;1;2020/03/03 00:00:00.000;2020/03/08 00:00:00.000;Shipped        ;385;Philippines                                       
10108;S24_4620       ;31;67.1;10;2020/03/03 00:00:00.000;2020/03/08 00:00:00.000;Shipped        ;385;Philippines                                       
10108;S32_2206       ;27;36.2;13;2020/03/03 00:00:00.000;2020/03/08 00:00:00.000;Shipped        ;385;Philippines                                       
10108;S32_4485       ;31;87.8;16;2020/03/03 00:00:00.000;2020/03/08 00:00:00.000;Shipped        ;385;Philippines                                       
10108;S50_4713       ;34;74.8;14;2020/03/03 00:00:00.000;2020/03/08 00:00:00.000;Shipped        ;385;Philippines                                       
10109;S18_1129       ;26;117.5;4;2020/03/10 00:00:00.000;2020/03/11 00:00:00.000;Shipped        ;486;USA                                               
10109;S18_1984       ;38;138;3;2020/03/10 00:00:00.000;2020/03/11 00:00:00.000;Shipped        ;486;USA                                               
10109;S18_2870       ;26;126.7;1;2020/03/10 00:00:00.000;2020/03/11 00:00:00.000;Shipped        ;486;USA                                               
10109;S18_3232       ;46;160.9;5;2020/03/10 00:00:00.000;2020/03/11 00:00:00.000;Shipped        ;486;USA                                               
10109;S18_3685       ;47;125.7;2;2020/03/10 00:00:00.000;2020/03/11 00:00:00.000;Shipped        ;486;USA                                               
10109;S24_2972       ;29;32.1;6;2020/03/10 00:00:00.000;2020/03/11 00:00:00.000;Shipped        ;486;USA                                               
10110;S18_1589       ;37;118.2;16;2020/03/18 00:00:00.000;2020/03/20 00:00:00.000;Shipped        ;187;UK                                                
10110;S18_1749       ;42;153;7;2020/03/18 00:00:00.000;2020/03/20 00:00:00.000;Shipped        ;187;UK                                                
10110;S18_2248       ;32;51.5;6;2020/03/18 00:00:00.000;2020/03/20 00:00:00.000;Shipped        ;187;UK                                                
10110;S18_2325       ;33;115.7;4;2020/03/18 00:00:00.000;2020/03/20 00:00:00.000;Shipped        ;187;UK                                                
10110;S18_2795       ;31;163.7;1;2020/03/18 00:00:00.000;2020/03/20 00:00:00.000;Shipped        ;187;UK                                                
10110;S18_4409       ;28;81.9;8;2020/03/18 00:00:00.000;2020/03/20 00:00:00.000;Shipped        ;187;UK                                                
10110;S18_4933       ;42;62;9;2020/03/18 00:00:00.000;2020/03/20 00:00:00.000;Shipped        ;187;UK                                                
10110;S24_1046       ;36;72;13;2020/03/18 00:00:00.000;2020/03/20 00:00:00.000;Shipped        ;187;UK                                                
10110;S24_1628       ;29;43.3;15;2020/03/18 00:00:00.000;2020/03/20 00:00:00.000;Shipped        ;187;UK                                                
10110;S24_1937       ;20;28.9;3;2020/03/18 00:00:00.000;2020/03/20 00:00:00.000;Shipped        ;187;UK                                                
10110;S24_2022       ;39;40.8;2;2020/03/18 00:00:00.000;2020/03/20 00:00:00.000;Shipped        ;187;UK                                                
10110;S24_2766       ;43;82.7;11;2020/03/18 00:00:00.000;2020/03/20 00:00:00.000;Shipped        ;187;UK                                                
10110;S24_2887       ;46;112.7;10;2020/03/18 00:00:00.000;2020/03/20 00:00:00.000;Shipped        ;187;UK                                                
10110;S24_3191       ;27;80.5;12;2020/03/18 00:00:00.000;2020/03/20 00:00:00.000;Shipped        ;187;UK                                                
10110;S24_3432       ;37;96.4;14;2020/03/18 00:00:00.000;2020/03/20 00:00:00.000;Shipped        ;187;UK                                                
10110;S24_3969       ;48;35.3;5;2020/03/18 00:00:00.000;2020/03/20 00:00:00.000;Shipped        ;187;UK                                                
10111;S18_1342       ;33;87.3;6;2020/03/25 00:00:00.000;2020/03/30 00:00:00.000;Shipped        ;129;USA                                               
10111;S18_1367       ;48;48.5;5;2020/03/25 00:00:00.000;2020/03/30 00:00:00.000;Shipped        ;129;USA                                               
10111;S18_2957       ;28;53.1;2;2020/03/25 00:00:00.000;2020/03/30 00:00:00.000;Shipped        ;129;USA                                               
10111;S18_3136       ;43;94.2;1;2020/03/25 00:00:00.000;2020/03/30 00:00:00.000;Shipped        ;129;USA                                               
10111;S18_3320       ;39;91.3;4;2020/03/25 00:00:00.000;2020/03/30 00:00:00.000;Shipped        ;129;USA                                               
10111;S24_4258       ;26;85.7;3;2020/03/25 00:00:00.000;2020/03/30 00:00:00.000;Shipped        ;129;USA                                               
10112;S10_1949       ;29;197.2;1;2020/03/24 00:00:00.000;2020/03/29 00:00:00.000;Shipped        ;144;Sweden                                            
10112;S18_2949       ;23;85.1;2;2020/03/24 00:00:00.000;2020/03/29 00:00:00.000;Shipped        ;144;Sweden                                            
10113;S12_1666       ;21;121.6;2;2020/03/26 00:00:00.000;2020/03/27 00:00:00.000;Shipped        ;124;USA                                               
10113;S18_1097       ;49;101.5;4;2020/03/26 00:00:00.000;2020/03/27 00:00:00.000;Shipped        ;124;USA                                               
10113;S18_4668       ;50;43.3;3;2020/03/26 00:00:00.000;2020/03/27 00:00:00.000;Shipped        ;124;USA                                               
10113;S32_3522       ;23;58.8;1;2020/03/26 00:00:00.000;2020/03/27 00:00:00.000;Shipped        ;124;USA                                               
10114;S10_4962       ;31;128.5;8;2020/04/01 00:00:00.000;2020/04/02 00:00:00.000;Shipped        ;172;France                                            
10114;S18_2319       ;39;106.8;3;2020/04/01 00:00:00.000;2020/04/02 00:00:00.000;Shipped        ;172;France                                            
10114;S18_2432       ;45;53.5;6;2020/04/01 00:00:00.000;2020/04/02 00:00:00.000;Shipped        ;172;France                                            
10114;S18_3232       ;48;169.3;4;2020/04/01 00:00:00.000;2020/04/02 00:00:00.000;Shipped        ;172;France                                            
10114;S18_4600       ;41;105.3;9;2020/04/01 00:00:00.000;2020/04/02 00:00:00.000;Shipped        ;172;France                                            
10114;S24_2300       ;21;102.2;5;2020/04/01 00:00:00.000;2020/04/02 00:00:00.000;Shipped        ;172;France                                            
10114;S24_2840       ;24;28.6;1;2020/04/01 00:00:00.000;2020/04/02 00:00:00.000;Shipped        ;172;France                                            
10114;S32_1268       ;32;88.6;7;2020/04/01 00:00:00.000;2020/04/02 00:00:00.000;Shipped        ;172;France                                            
10114;S32_2509       ;28;43.8;2;2020/04/01 00:00:00.000;2020/04/02 00:00:00.000;Shipped        ;172;France                                            
10114;S700_2824      ;42;82.9;10;2020/04/01 00:00:00.000;2020/04/02 00:00:00.000;Shipped        ;172;France                                            
10115;S12_4473       ;46;111.4;5;2020/04/04 00:00:00.000;2020/04/07 00:00:00.000;Shipped        ;424;USA                                               
10115;S18_2238       ;46;140.8;4;2020/04/04 00:00:00.000;2020/04/07 00:00:00.000;Shipped        ;424;USA                                               
10115;S24_1444       ;47;56.6;2;2020/04/04 00:00:00.000;2020/04/07 00:00:00.000;Shipped        ;424;USA                                               
10115;S24_4048       ;44;106.4;1;2020/04/04 00:00:00.000;2020/04/07 00:00:00.000;Shipped        ;424;USA                                               
10115;S50_1392       ;27;100.7;3;2020/04/04 00:00:00.000;2020/04/07 00:00:00.000;Shipped        ;424;USA                                               
10116;S32_3207       ;27;60.3;1;2020/04/11 00:00:00.000;2020/04/13 00:00:00.000;Shipped        ;381;Belgium                                           
10117;S12_1108       ;33;195.3;9;2020/04/16 00:00:00.000;2020/04/17 00:00:00.000;Shipped        ;148;Singapore                                         
10117;S12_3148       ;43;148.1;10;2020/04/16 00:00:00.000;2020/04/17 00:00:00.000;Shipped        ;148;Singapore                                         
10117;S12_3891       ;39;173;8;2020/04/16 00:00:00.000;2020/04/17 00:00:00.000;Shipped        ;148;Singapore                                         
10117;S18_3140       ;26;121.6;5;2020/04/16 00:00:00.000;2020/04/17 00:00:00.000;Shipped        ;148;Singapore                                         
10117;S18_3259       ;21;81.7;7;2020/04/16 00:00:00.000;2020/04/17 00:00:00.000;Shipped        ;148;Singapore                                         
10117;S18_4027       ;22;122.1;12;2020/04/16 00:00:00.000;2020/04/17 00:00:00.000;Shipped        ;148;Singapore                                         
10117;S18_4522       ;23;73.7;4;2020/04/16 00:00:00.000;2020/04/17 00:00:00.000;Shipped        ;148;Singapore                                         
10117;S24_2011       ;41;119.2;3;2020/04/16 00:00:00.000;2020/04/17 00:00:00.000;Shipped        ;148;Singapore                                         
10117;S50_1514       ;21;55.6;11;2020/04/16 00:00:00.000;2020/04/17 00:00:00.000;Shipped        ;148;Singapore                                         
10117;S700_1938      ;38;75.4;6;2020/04/16 00:00:00.000;2020/04/17 00:00:00.000;Shipped        ;148;Singapore                                         
10117;S700_3962      ;45;89.4;1;2020/04/16 00:00:00.000;2020/04/17 00:00:00.000;Shipped        ;148;Singapore                                         
10117;S72_3212       ;50;52.4;2;2020/04/16 00:00:00.000;2020/04/17 00:00:00.000;Shipped        ;148;Singapore                                         
10118;S700_3505      ;36;86.2;1;2020/04/21 00:00:00.000;2020/04/26 00:00:00.000;Shipped        ;216;Spain                                             
10119;S10_4757       ;46;112.9;11;2020/04/28 00:00:00.000;2020/05/02 00:00:00.000;Shipped        ;382;Austria                                           
10119;S18_1662       ;43;151.4;3;2020/04/28 00:00:00.000;2020/05/02 00:00:00.000;Shipped        ;382;Austria                                           
10119;S18_3029       ;21;74.8;9;2020/04/28 00:00:00.000;2020/05/02 00:00:00.000;Shipped        ;382;Austria                                           
10119;S18_3856       ;27;95.3;8;2020/04/28 00:00:00.000;2020/05/02 00:00:00.000;Shipped        ;382;Austria                                           
10119;S24_2841       ;41;64.4;4;2020/04/28 00:00:00.000;2020/05/02 00:00:00.000;Shipped        ;382;Austria                                           
10119;S24_3151       ;35;72.6;13;2020/04/28 00:00:00.000;2020/05/02 00:00:00.000;Shipped        ;382;Austria                                           
10119;S24_3420       ;20;63.1;5;2020/04/28 00:00:00.000;2020/05/02 00:00:00.000;Shipped        ;382;Austria                                           
10119;S24_3816       ;35;82.2;10;2020/04/28 00:00:00.000;2020/05/02 00:00:00.000;Shipped        ;382;Austria                                           
10119;S24_3949       ;28;62.1;2;2020/04/28 00:00:00.000;2020/05/02 00:00:00.000;Shipped        ;382;Austria                                           
10119;S700_1138      ;25;57.3;14;2020/04/28 00:00:00.000;2020/05/02 00:00:00.000;Shipped        ;382;Austria                                           
10119;S700_2047      ;29;74.2;7;2020/04/28 00:00:00.000;2020/05/02 00:00:00.000;Shipped        ;382;Austria                                           
10119;S700_2610      ;38;67.2;12;2020/04/28 00:00:00.000;2020/05/02 00:00:00.000;Shipped        ;382;Austria                                           
10119;S700_4002      ;26;63.7;1;2020/04/28 00:00:00.000;2020/05/02 00:00:00.000;Shipped        ;382;Austria                                           
10119;S72_1253       ;28;40.2;6;2020/04/28 00:00:00.000;2020/05/02 00:00:00.000;Shipped        ;382;Austria                                           
10120;S10_2016       ;29;118.9;3;2020/04/29 00:00:00.000;2020/05/01 00:00:00.000;Shipped        ;114;Australia                                         
10120;S10_4698       ;46;158.8;2;2020/04/29 00:00:00.000;2020/05/01 00:00:00.000;Shipped        ;114;Australia                                         
10120;S18_2581       ;29;82.8;8;2020/04/29 00:00:00.000;2020/05/01 00:00:00.000;Shipped        ;114;Australia                                         
10120;S18_2625       ;46;57.5;4;2020/04/29 00:00:00.000;2020/05/01 00:00:00.000;Shipped        ;114;Australia                                         
10120;S24_1578       ;35;110.4;1;2020/04/29 00:00:00.000;2020/05/01 00:00:00.000;Shipped        ;114;Australia                                         
10120;S24_1785       ;39;93;10;2020/04/29 00:00:00.000;2020/05/01 00:00:00.000;Shipped        ;114;Australia                                         
10120;S24_2020       ;34;72.4;5;2020/04/29 00:00:00.000;2020/05/01 00:00:00.000;Shipped        ;114;Australia                                         
10120;S24_4278       ;29;71.7;9;2020/04/29 00:00:00.000;2020/05/01 00:00:00.000;Shipped        ;114;Australia                                         
10120;S32_1374       ;22;94.9;6;2020/04/29 00:00:00.000;2020/05/01 00:00:00.000;Shipped        ;114;Australia                                         
10120;S32_4289       ;29;68.8;11;2020/04/29 00:00:00.000;2020/05/01 00:00:00.000;Shipped        ;114;Australia                                         
10120;S50_1341       ;49;41.5;12;2020/04/29 00:00:00.000;2020/05/01 00:00:00.000;Shipped        ;114;Australia                                         
10120;S700_1691      ;47;91.3;13;2020/04/29 00:00:00.000;2020/05/01 00:00:00.000;Shipped        ;114;Australia                                         
10120;S700_2466      ;24;81.8;15;2020/04/29 00:00:00.000;2020/05/01 00:00:00.000;Shipped        ;114;Australia                                         
10120;S700_2834      ;24;106.8;7;2020/04/29 00:00:00.000;2020/05/01 00:00:00.000;Shipped        ;114;Australia                                         
10120;S700_3167      ;43;72;14;2020/04/29 00:00:00.000;2020/05/01 00:00:00.000;Shipped        ;114;Australia                                         
10121;S10_1678       ;34;86.1;5;2020/05/07 00:00:00.000;2020/05/13 00:00:00.000;Shipped        ;353;France                                            
10121;S12_2823       ;50;126.5;4;2020/05/07 00:00:00.000;2020/05/13 00:00:00.000;Shipped        ;353;France                                            
10121;S24_2360       ;32;58.2;2;2020/05/07 00:00:00.000;2020/05/13 00:00:00.000;Shipped        ;353;France                                            
10121;S32_4485       ;25;95.9;3;2020/05/07 00:00:00.000;2020/05/13 00:00:00.000;Shipped        ;353;France                                            
10121;S50_4713       ;44;72.4;1;2020/05/07 00:00:00.000;2020/05/13 00:00:00.000;Shipped        ;353;France                                            
10122;S12_1099       ;42;155.7;10;2020/05/08 00:00:00.000;2020/05/13 00:00:00.000;Shipped        ;350;France                                            
10122;S12_3380       ;37;113.9;8;2020/05/08 00:00:00.000;2020/05/13 00:00:00.000;Shipped        ;350;France                                            
10122;S12_3990       ;32;65.4;11;2020/05/08 00:00:00.000;2020/05/13 00:00:00.000;Shipped        ;350;France                                            
10122;S12_4675       ;20;104.8;7;2020/05/08 00:00:00.000;2020/05/13 00:00:00.000;Shipped        ;350;France                                            
10122;S18_1129       ;34;114.6;2;2020/05/08 00:00:00.000;2020/05/13 00:00:00.000;Shipped        ;350;France                                            
10122;S18_1889       ;43;62.4;6;2020/05/08 00:00:00.000;2020/05/13 00:00:00.000;Shipped        ;350;France                                            
10122;S18_1984       ;31;113.8;1;2020/05/08 00:00:00.000;2020/05/13 00:00:00.000;Shipped        ;350;France                                            
10122;S18_3232       ;25;137.2;3;2020/05/08 00:00:00.000;2020/05/13 00:00:00.000;Shipped        ;350;France                                            
10122;S18_3278       ;21;69.2;13;2020/05/08 00:00:00.000;2020/05/13 00:00:00.000;Shipped        ;350;France                                            
10122;S18_3482       ;21;133.8;12;2020/05/08 00:00:00.000;2020/05/13 00:00:00.000;Shipped        ;350;France                                            
10122;S18_3782       ;35;59.1;16;2020/05/08 00:00:00.000;2020/05/13 00:00:00.000;Shipped        ;350;France                                            
10122;S18_4721       ;28;145.8;15;2020/05/08 00:00:00.000;2020/05/13 00:00:00.000;Shipped        ;350;France                                            
10122;S24_2972       ;39;34.7;4;2020/05/08 00:00:00.000;2020/05/13 00:00:00.000;Shipped        ;350;France                                            
10122;S24_3371       ;34;50.8;9;2020/05/08 00:00:00.000;2020/05/13 00:00:00.000;Shipped        ;350;France                                            
10122;S24_3856       ;43;136.2;5;2020/05/08 00:00:00.000;2020/05/13 00:00:00.000;Shipped        ;350;France                                            
10122;S24_4620       ;29;67.1;14;2020/05/08 00:00:00.000;2020/05/13 00:00:00.000;Shipped        ;350;France                                            
10122;S32_2206       ;31;33.8;17;2020/05/08 00:00:00.000;2020/05/13 00:00:00.000;Shipped        ;350;France                                            
10123;S18_1589       ;26;120.7;2;2020/05/20 00:00:00.000;2020/05/22 00:00:00.000;Shipped        ;103;France                                            
10123;S18_2870       ;46;114.8;3;2020/05/20 00:00:00.000;2020/05/22 00:00:00.000;Shipped        ;103;France                                            
10123;S18_3685       ;34;117.3;4;2020/05/20 00:00:00.000;2020/05/22 00:00:00.000;Shipped        ;103;France                                            
10123;S24_1628       ;50;43.3;1;2020/05/20 00:00:00.000;2020/05/22 00:00:00.000;Shipped        ;103;France                                            
10124;S18_1749       ;21;153;6;2020/05/21 00:00:00.000;2020/05/25 00:00:00.000;Shipped        ;112;USA                                               
10124;S18_2248       ;42;58.1;5;2020/05/21 00:00:00.000;2020/05/25 00:00:00.000;Shipped        ;112;USA                                               
10124;S18_2325       ;42;111.9;3;2020/05/21 00:00:00.000;2020/05/25 00:00:00.000;Shipped        ;112;USA                                               
10124;S18_4409       ;36;75.5;7;2020/05/21 00:00:00.000;2020/05/25 00:00:00.000;Shipped        ;112;USA                                               
10124;S18_4933       ;23;66.3;8;2020/05/21 00:00:00.000;2020/05/25 00:00:00.000;Shipped        ;112;USA                                               
10124;S24_1046       ;22;62.5;12;2020/05/21 00:00:00.000;2020/05/25 00:00:00.000;Shipped        ;112;USA                                               
10124;S24_1937       ;45;30.5;2;2020/05/21 00:00:00.000;2020/05/25 00:00:00.000;Shipped        ;112;USA                                               
10124;S24_2022       ;22;36.3;1;2020/05/21 00:00:00.000;2020/05/25 00:00:00.000;Shipped        ;112;USA                                               
10124;S24_2766       ;32;74.5;10;2020/05/21 00:00:00.000;2020/05/25 00:00:00.000;Shipped        ;112;USA                                               
10124;S24_2887       ;25;94;9;2020/05/21 00:00:00.000;2020/05/25 00:00:00.000;Shipped        ;112;USA                                               
10124;S24_3191       ;49;76.2;11;2020/05/21 00:00:00.000;2020/05/25 00:00:00.000;Shipped        ;112;USA                                               
10124;S24_3432       ;43;101.7;13;2020/05/21 00:00:00.000;2020/05/25 00:00:00.000;Shipped        ;112;USA                                               
10124;S24_3969       ;46;36.1;4;2020/05/21 00:00:00.000;2020/05/25 00:00:00.000;Shipped        ;112;USA                                               
10125;S18_1342       ;32;89.4;1;2020/05/21 00:00:00.000;2020/05/24 00:00:00.000;Shipped        ;114;Australia                                         
10125;S18_2795       ;34;138.4;2;2020/05/21 00:00:00.000;2020/05/24 00:00:00.000;Shipped        ;114;Australia                                         
10126;S10_1949       ;38;205.7;11;2020/05/28 00:00:00.000;2020/06/02 00:00:00.000;Shipped        ;458;Spain                                             
10126;S10_4962       ;22;122.6;4;2020/05/28 00:00:00.000;2020/06/02 00:00:00.000;Shipped        ;458;Spain                                             
10126;S12_1666       ;21;135.3;8;2020/05/28 00:00:00.000;2020/06/02 00:00:00.000;Shipped        ;458;Spain                                             
10126;S18_1097       ;38;116.7;10;2020/05/28 00:00:00.000;2020/06/02 00:00:00.000;Shipped        ;458;Spain                                             
10126;S18_1367       ;42;51.2;17;2020/05/28 00:00:00.000;2020/06/02 00:00:00.000;Shipped        ;458;Spain                                             
10126;S18_2432       ;43;51;2;2020/05/28 00:00:00.000;2020/06/02 00:00:00.000;Shipped        ;458;Spain                                             
10126;S18_2949       ;31;93.2;12;2020/05/28 00:00:00.000;2020/06/02 00:00:00.000;Shipped        ;458;Spain                                             
10126;S18_2957       ;46;61.8;14;2020/05/28 00:00:00.000;2020/06/02 00:00:00.000;Shipped        ;458;Spain                                             
10126;S18_3136       ;30;93.2;13;2020/05/28 00:00:00.000;2020/06/02 00:00:00.000;Shipped        ;458;Spain                                             
10126;S18_3320       ;38;94.2;16;2020/05/28 00:00:00.000;2020/06/02 00:00:00.000;Shipped        ;458;Spain                                             
10126;S18_4600       ;50;102.9;5;2020/05/28 00:00:00.000;2020/06/02 00:00:00.000;Shipped        ;458;Spain                                             
10126;S18_4668       ;43;47.3;9;2020/05/28 00:00:00.000;2020/06/02 00:00:00.000;Shipped        ;458;Spain                                             
10126;S24_2300       ;27;122.7;1;2020/05/28 00:00:00.000;2020/06/02 00:00:00.000;Shipped        ;458;Spain                                             
10126;S24_4258       ;34;83.8;15;2020/05/28 00:00:00.000;2020/06/02 00:00:00.000;Shipped        ;458;Spain                                             
10126;S32_1268       ;43;82.8;3;2020/05/28 00:00:00.000;2020/06/02 00:00:00.000;Shipped        ;458;Spain                                             
10126;S32_3522       ;26;62;7;2020/05/28 00:00:00.000;2020/06/02 00:00:00.000;Shipped        ;458;Spain                                             
10126;S700_2824      ;45;97.1;6;2020/05/28 00:00:00.000;2020/06/02 00:00:00.000;Shipped        ;458;Spain                                             
10127;S12_1108       ;46;193.2;2;2020/06/03 00:00:00.000;2020/06/06 00:00:00.000;Shipped        ;151;USA                                               
10127;S12_3148       ;46;140.5;3;2020/06/03 00:00:00.000;2020/06/06 00:00:00.000;Shipped        ;151;USA                                               
10127;S12_3891       ;42;169.6;1;2020/06/03 00:00:00.000;2020/06/06 00:00:00.000;Shipped        ;151;USA                                               
10127;S12_4473       ;24;100.7;11;2020/06/03 00:00:00.000;2020/06/06 00:00:00.000;Shipped        ;151;USA                                               
10127;S18_2238       ;45;140.8;10;2020/06/03 00:00:00.000;2020/06/06 00:00:00.000;Shipped        ;151;USA                                               
10127;S18_2319       ;45;114.1;14;2020/06/03 00:00:00.000;2020/06/06 00:00:00.000;Shipped        ;151;USA                                               
10127;S18_3232       ;22;149;15;2020/06/03 00:00:00.000;2020/06/06 00:00:00.000;Shipped        ;151;USA                                               
10127;S18_4027       ;25;126.4;5;2020/06/03 00:00:00.000;2020/06/06 00:00:00.000;Shipped        ;151;USA                                               
10127;S24_1444       ;20;50.9;8;2020/06/03 00:00:00.000;2020/06/06 00:00:00.000;Shipped        ;151;USA                                               
10127;S24_2840       ;39;34.3;12;2020/06/03 00:00:00.000;2020/06/06 00:00:00.000;Shipped        ;151;USA                                               
10127;S24_4048       ;20;107.6;7;2020/06/03 00:00:00.000;2020/06/06 00:00:00.000;Shipped        ;151;USA                                               
10127;S32_2509       ;45;46.5;13;2020/06/03 00:00:00.000;2020/06/06 00:00:00.000;Shipped        ;151;USA                                               
10127;S32_3207       ;29;60.9;6;2020/06/03 00:00:00.000;2020/06/06 00:00:00.000;Shipped        ;151;USA                                               
10127;S50_1392       ;46;111.1;9;2020/06/03 00:00:00.000;2020/06/06 00:00:00.000;Shipped        ;151;USA                                               
10127;S50_1514       ;46;55.6;4;2020/06/03 00:00:00.000;2020/06/06 00:00:00.000;Shipped        ;151;USA                                               
10128;S18_3140       ;41;120.2;2;2020/06/06 00:00:00.000;2020/06/11 00:00:00.000;Shipped        ;141;Spain                                             
10128;S18_3259       ;41;80.7;4;2020/06/06 00:00:00.000;2020/06/11 00:00:00.000;Shipped        ;141;Spain                                             
10128;S18_4522       ;43;77.2;1;2020/06/06 00:00:00.000;2020/06/11 00:00:00.000;Shipped        ;141;Spain                                             
10128;S700_1938      ;32;72.8;3;2020/06/06 00:00:00.000;2020/06/11 00:00:00.000;Shipped        ;141;Spain                                             
10129;S10_4757       ;33;123.8;2;2020/06/12 00:00:00.000;2020/06/14 00:00:00.000;Shipped        ;324;UK                                                
10129;S24_2011       ;45;113.1;9;2020/06/12 00:00:00.000;2020/06/14 00:00:00.000;Shipped        ;324;UK                                                
10129;S24_3151       ;41;81.4;4;2020/06/12 00:00:00.000;2020/06/14 00:00:00.000;Shipped        ;324;UK                                                
10129;S24_3816       ;50;76.3;1;2020/06/12 00:00:00.000;2020/06/14 00:00:00.000;Shipped        ;324;UK                                                
10129;S700_1138      ;31;58.7;5;2020/06/12 00:00:00.000;2020/06/14 00:00:00.000;Shipped        ;324;UK                                                
10129;S700_2610      ;45;72.3;3;2020/06/12 00:00:00.000;2020/06/14 00:00:00.000;Shipped        ;324;UK                                                
10129;S700_3505      ;42;90.2;6;2020/06/12 00:00:00.000;2020/06/14 00:00:00.000;Shipped        ;324;UK                                                
10129;S700_3962      ;30;94.3;7;2020/06/12 00:00:00.000;2020/06/14 00:00:00.000;Shipped        ;324;UK                                                
10129;S72_3212       ;32;44.2;8;2020/06/12 00:00:00.000;2020/06/14 00:00:00.000;Shipped        ;324;UK                                                
10130;S18_3029       ;40;68.8;2;2020/06/16 00:00:00.000;2020/06/21 00:00:00.000;Shipped        ;198;USA                                               
10130;S18_3856       ;33;99.5;1;2020/06/16 00:00:00.000;2020/06/21 00:00:00.000;Shipped        ;198;USA                                               
10131;S18_1662       ;21;141.9;4;2020/06/16 00:00:00.000;2020/06/21 00:00:00.000;Shipped        ;447;USA                                               
10131;S24_2841       ;35;61;5;2020/06/16 00:00:00.000;2020/06/21 00:00:00.000;Shipped        ;447;USA                                               
10131;S24_3420       ;29;52.6;6;2020/06/16 00:00:00.000;2020/06/21 00:00:00.000;Shipped        ;447;USA                                               
10131;S24_3949       ;50;54.6;3;2020/06/16 00:00:00.000;2020/06/21 00:00:00.000;Shipped        ;447;USA                                               
10131;S700_2047      ;22;76.9;8;2020/06/16 00:00:00.000;2020/06/21 00:00:00.000;Shipped        ;447;USA                                               
10131;S700_2466      ;40;86.8;1;2020/06/16 00:00:00.000;2020/06/21 00:00:00.000;Shipped        ;447;USA                                               
10131;S700_4002      ;26;63.7;2;2020/06/16 00:00:00.000;2020/06/21 00:00:00.000;Shipped        ;447;USA                                               
10131;S72_1253       ;21;40.2;7;2020/06/16 00:00:00.000;2020/06/21 00:00:00.000;Shipped        ;447;USA                                               
10132;S700_3167      ;36;80;1;2020/06/25 00:00:00.000;2020/06/28 00:00:00.000;Shipped        ;323;New Zealand                                       
10133;S18_2581       ;49;80.3;3;2020/06/27 00:00:00.000;2020/07/03 00:00:00.000;Shipped        ;141;Spain                                             
10133;S24_1785       ;41;109.4;5;2020/06/27 00:00:00.000;2020/07/03 00:00:00.000;Shipped        ;141;Spain                                             
10133;S24_4278       ;46;61.6;4;2020/06/27 00:00:00.000;2020/07/03 00:00:00.000;Shipped        ;141;Spain                                             
10133;S32_1374       ;23;80.9;1;2020/06/27 00:00:00.000;2020/07/03 00:00:00.000;Shipped        ;141;Spain                                             
10133;S32_4289       ;49;67.4;6;2020/06/27 00:00:00.000;2020/07/03 00:00:00.000;Shipped        ;141;Spain                                             
10133;S50_1341       ;27;37.1;7;2020/06/27 00:00:00.000;2020/07/03 00:00:00.000;Shipped        ;141;Spain                                             
10133;S700_1691      ;24;76.7;8;2020/06/27 00:00:00.000;2020/07/03 00:00:00.000;Shipped        ;141;Spain                                             
10133;S700_2834      ;27;115.1;2;2020/06/27 00:00:00.000;2020/07/03 00:00:00.000;Shipped        ;141;Spain                                             
10134;S10_1678       ;41;90.9;2;2020/07/01 00:00:00.000;2020/07/05 00:00:00.000;Shipped        ;250;France                                            
10134;S10_2016       ;27;116.6;5;2020/07/01 00:00:00.000;2020/07/05 00:00:00.000;Shipped        ;250;France                                            
10134;S10_4698       ;31;187.8;4;2020/07/01 00:00:00.000;2020/07/05 00:00:00.000;Shipped        ;250;France                                            
10134;S12_2823       ;20;131;1;2020/07/01 00:00:00.000;2020/07/05 00:00:00.000;Shipped        ;250;France                                            
10134;S18_2625       ;30;51.5;6;2020/07/01 00:00:00.000;2020/07/05 00:00:00.000;Shipped        ;250;France                                            
10134;S24_1578       ;35;94.7;3;2020/07/01 00:00:00.000;2020/07/05 00:00:00.000;Shipped        ;250;France                                            
10134;S24_2020       ;43;75.4;7;2020/07/01 00:00:00.000;2020/07/05 00:00:00.000;Shipped        ;250;France                                            
10135;S12_1099       ;42;173.2;7;2020/07/02 00:00:00.000;2020/07/03 00:00:00.000;Shipped        ;124;USA                                               
10135;S12_3380       ;48;110.4;5;2020/07/02 00:00:00.000;2020/07/03 00:00:00.000;Shipped        ;124;USA                                               
10135;S12_3990       ;24;72.6;8;2020/07/02 00:00:00.000;2020/07/03 00:00:00.000;Shipped        ;124;USA                                               
10135;S12_4675       ;29;103.6;4;2020/07/02 00:00:00.000;2020/07/03 00:00:00.000;Shipped        ;124;USA                                               
10135;S18_1889       ;48;67;3;2020/07/02 00:00:00.000;2020/07/03 00:00:00.000;Shipped        ;124;USA                                               
10135;S18_3278       ;45;65.9;10;2020/07/02 00:00:00.000;2020/07/03 00:00:00.000;Shipped        ;124;USA                                               
10135;S18_3482       ;42;139.6;9;2020/07/02 00:00:00.000;2020/07/03 00:00:00.000;Shipped        ;124;USA                                               
10135;S18_3782       ;45;49.7;13;2020/07/02 00:00:00.000;2020/07/03 00:00:00.000;Shipped        ;124;USA                                               
10135;S18_4721       ;31;133.9;12;2020/07/02 00:00:00.000;2020/07/03 00:00:00.000;Shipped        ;124;USA                                               
10135;S24_2360       ;29;67.2;16;2020/07/02 00:00:00.000;2020/07/03 00:00:00.000;Shipped        ;124;USA                                               
10135;S24_2972       ;20;34.4;1;2020/07/02 00:00:00.000;2020/07/03 00:00:00.000;Shipped        ;124;USA                                               
10135;S24_3371       ;27;52;6;2020/07/02 00:00:00.000;2020/07/03 00:00:00.000;Shipped        ;124;USA                                               
10135;S24_3856       ;47;139;2;2020/07/02 00:00:00.000;2020/07/03 00:00:00.000;Shipped        ;124;USA                                               
10135;S24_4620       ;23;76.8;11;2020/07/02 00:00:00.000;2020/07/03 00:00:00.000;Shipped        ;124;USA                                               
10135;S32_2206       ;33;38.6;14;2020/07/02 00:00:00.000;2020/07/03 00:00:00.000;Shipped        ;124;USA                                               
10135;S32_4485       ;30;91.8;17;2020/07/02 00:00:00.000;2020/07/03 00:00:00.000;Shipped        ;124;USA                                               
10135;S50_4713       ;44;78.9;15;2020/07/02 00:00:00.000;2020/07/03 00:00:00.000;Shipped        ;124;USA                                               
10136;S18_1129       ;25;117.5;2;2020/07/04 00:00:00.000;2020/07/06 00:00:00.000;Shipped        ;242;France                                            
10136;S18_1984       ;36;120.9;1;2020/07/04 00:00:00.000;2020/07/06 00:00:00.000;Shipped        ;242;France                                            
10136;S18_3232       ;41;169.3;3;2020/07/04 00:00:00.000;2020/07/06 00:00:00.000;Shipped        ;242;France                                            
10137;S18_1589       ;44;115.7;2;2020/07/10 00:00:00.000;2020/07/14 00:00:00.000;Shipped        ;353;France                                            
10137;S18_2870       ;37;110.9;3;2020/07/10 00:00:00.000;2020/07/14 00:00:00.000;Shipped        ;353;France                                            
10137;S18_3685       ;31;118.7;4;2020/07/10 00:00:00.000;2020/07/14 00:00:00.000;Shipped        ;353;France                                            
10137;S24_1628       ;26;40.2;1;2020/07/10 00:00:00.000;2020/07/14 00:00:00.000;Shipped        ;353;France                                            
10138;S18_1749       ;33;149.6;6;2020/07/07 00:00:00.000;2020/07/13 00:00:00.000;Shipped        ;496;New Zealand                                       
10138;S18_2248       ;22;51.5;5;2020/07/07 00:00:00.000;2020/07/13 00:00:00.000;Shipped        ;496;New Zealand                                       
10138;S18_2325       ;38;114.4;3;2020/07/07 00:00:00.000;2020/07/13 00:00:00.000;Shipped        ;496;New Zealand                                       
10138;S18_4409       ;47;79.2;7;2020/07/07 00:00:00.000;2020/07/13 00:00:00.000;Shipped        ;496;New Zealand                                       
10138;S18_4933       ;23;64.9;8;2020/07/07 00:00:00.000;2020/07/13 00:00:00.000;Shipped        ;496;New Zealand                                       
10138;S24_1046       ;45;59.5;12;2020/07/07 00:00:00.000;2020/07/13 00:00:00.000;Shipped        ;496;New Zealand                                       
10138;S24_1937       ;22;33.2;2;2020/07/07 00:00:00.000;2020/07/13 00:00:00.000;Shipped        ;496;New Zealand                                       
10138;S24_2022       ;33;38.5;1;2020/07/07 00:00:00.000;2020/07/13 00:00:00.000;Shipped        ;496;New Zealand                                       
10138;S24_2766       ;28;73.6;10;2020/07/07 00:00:00.000;2020/07/13 00:00:00.000;Shipped        ;496;New Zealand                                       
10138;S24_2887       ;30;96.3;9;2020/07/07 00:00:00.000;2020/07/13 00:00:00.000;Shipped        ;496;New Zealand                                       
10138;S24_3191       ;49;77;11;2020/07/07 00:00:00.000;2020/07/13 00:00:00.000;Shipped        ;496;New Zealand                                       
10138;S24_3432       ;21;99.6;13;2020/07/07 00:00:00.000;2020/07/13 00:00:00.000;Shipped        ;496;New Zealand                                       
10138;S24_3969       ;29;32.8;4;2020/07/07 00:00:00.000;2020/07/13 00:00:00.000;Shipped        ;496;New Zealand                                       
10139;S18_1342       ;31;89.4;7;2020/07/16 00:00:00.000;2020/07/21 00:00:00.000;Shipped        ;282;Australia                                         
10139;S18_1367       ;49;52.8;6;2020/07/16 00:00:00.000;2020/07/21 00:00:00.000;Shipped        ;282;Australia                                         
10139;S18_2795       ;41;151.9;8;2020/07/16 00:00:00.000;2020/07/21 00:00:00.000;Shipped        ;282;Australia                                         
10139;S18_2949       ;46;91.2;1;2020/07/16 00:00:00.000;2020/07/21 00:00:00.000;Shipped        ;282;Australia                                         
10139;S18_2957       ;20;52.5;3;2020/07/16 00:00:00.000;2020/07/21 00:00:00.000;Shipped        ;282;Australia                                         
10139;S18_3136       ;20;101.6;2;2020/07/16 00:00:00.000;2020/07/21 00:00:00.000;Shipped        ;282;Australia                                         
10139;S18_3320       ;30;81.4;5;2020/07/16 00:00:00.000;2020/07/21 00:00:00.000;Shipped        ;282;Australia                                         
10139;S24_4258       ;29;93.5;4;2020/07/16 00:00:00.000;2020/07/21 00:00:00.000;Shipped        ;282;Australia                                         
10140;S10_1949       ;37;186.4;11;2020/07/24 00:00:00.000;2020/07/30 00:00:00.000;Shipped        ;161;USA                                               
10140;S10_4962       ;26;131.5;4;2020/07/24 00:00:00.000;2020/07/30 00:00:00.000;Shipped        ;161;USA                                               
10140;S12_1666       ;38;118.9;8;2020/07/24 00:00:00.000;2020/07/30 00:00:00.000;Shipped        ;161;USA                                               
10140;S18_1097       ;32;95.7;10;2020/07/24 00:00:00.000;2020/07/30 00:00:00.000;Shipped        ;161;USA                                               
10140;S18_2432       ;46;51;2;2020/07/24 00:00:00.000;2020/07/30 00:00:00.000;Shipped        ;161;USA                                               
10140;S18_4600       ;40;100.5;5;2020/07/24 00:00:00.000;2020/07/30 00:00:00.000;Shipped        ;161;USA                                               
10140;S18_4668       ;29;40.2;9;2020/07/24 00:00:00.000;2020/07/30 00:00:00.000;Shipped        ;161;USA                                               
10140;S24_2300       ;47;118.8;1;2020/07/24 00:00:00.000;2020/07/30 00:00:00.000;Shipped        ;161;USA                                               
10140;S32_1268       ;26;87.6;3;2020/07/24 00:00:00.000;2020/07/30 00:00:00.000;Shipped        ;161;USA                                               
10140;S32_3522       ;28;62;7;2020/07/24 00:00:00.000;2020/07/30 00:00:00.000;Shipped        ;161;USA                                               
10140;S700_2824      ;36;101.2;6;2020/07/24 00:00:00.000;2020/07/30 00:00:00.000;Shipped        ;161;USA                                               
10141;S12_4473       ;21;115;5;2020/08/01 00:00:00.000;2020/08/04 00:00:00.000;Shipped        ;334;Finland                                           
10141;S18_2238       ;39;160.5;4;2020/08/01 00:00:00.000;2020/08/04 00:00:00.000;Shipped        ;334;Finland                                           
10141;S18_2319       ;47;103.1;8;2020/08/01 00:00:00.000;2020/08/04 00:00:00.000;Shipped        ;334;Finland                                           
10141;S18_3232       ;34;143.9;9;2020/08/01 00:00:00.000;2020/08/04 00:00:00.000;Shipped        ;334;Finland                                           
10141;S24_1444       ;20;50.9;2;2020/08/01 00:00:00.000;2020/08/04 00:00:00.000;Shipped        ;334;Finland                                           
10141;S24_2840       ;21;32.2;6;2020/08/01 00:00:00.000;2020/08/04 00:00:00.000;Shipped        ;334;Finland                                           
10141;S24_4048       ;40;104.1;1;2020/08/01 00:00:00.000;2020/08/04 00:00:00.000;Shipped        ;334;Finland                                           
10141;S32_2509       ;24;53;7;2020/08/01 00:00:00.000;2020/08/04 00:00:00.000;Shipped        ;334;Finland                                           
10141;S50_1392       ;44;94.9;3;2020/08/01 00:00:00.000;2020/08/04 00:00:00.000;Shipped        ;334;Finland                                           
10142;S12_1108       ;33;166.2;12;2020/08/08 00:00:00.000;2020/08/13 00:00:00.000;Shipped        ;124;USA                                               
10142;S12_3148       ;33;140.5;13;2020/08/08 00:00:00.000;2020/08/13 00:00:00.000;Shipped        ;124;USA                                               
10142;S12_3891       ;46;167.8;11;2020/08/08 00:00:00.000;2020/08/13 00:00:00.000;Shipped        ;124;USA                                               
10142;S18_3140       ;47;129.8;8;2020/08/08 00:00:00.000;2020/08/13 00:00:00.000;Shipped        ;124;USA                                               
10142;S18_3259       ;22;95.8;10;2020/08/08 00:00:00.000;2020/08/13 00:00:00.000;Shipped        ;124;USA                                               
10142;S18_4027       ;24;122.1;15;2020/08/08 00:00:00.000;2020/08/13 00:00:00.000;Shipped        ;124;USA                                               
10142;S18_4522       ;24;79.9;7;2020/08/08 00:00:00.000;2020/08/13 00:00:00.000;Shipped        ;124;USA                                               
10142;S24_2011       ;33;114.3;6;2020/08/08 00:00:00.000;2020/08/13 00:00:00.000;Shipped        ;124;USA                                               
10142;S24_3151       ;49;74.4;1;2020/08/08 00:00:00.000;2020/08/13 00:00:00.000;Shipped        ;124;USA                                               
10142;S32_3207       ;42;60.9;16;2020/08/08 00:00:00.000;2020/08/13 00:00:00.000;Shipped        ;124;USA                                               
10142;S50_1514       ;42;56.2;14;2020/08/08 00:00:00.000;2020/08/13 00:00:00.000;Shipped        ;124;USA                                               
10142;S700_1138      ;41;55.3;2;2020/08/08 00:00:00.000;2020/08/13 00:00:00.000;Shipped        ;124;USA                                               
10142;S700_1938      ;43;77.1;9;2020/08/08 00:00:00.000;2020/08/13 00:00:00.000;Shipped        ;124;USA                                               
10142;S700_3505      ;21;92.2;3;2020/08/08 00:00:00.000;2020/08/13 00:00:00.000;Shipped        ;124;USA                                               
10142;S700_3962      ;38;91.4;4;2020/08/08 00:00:00.000;2020/08/13 00:00:00.000;Shipped        ;124;USA                                               
10142;S72_3212       ;39;47;5;2020/08/08 00:00:00.000;2020/08/13 00:00:00.000;Shipped        ;124;USA                                               
10143;S10_4757       ;49;133.3;15;2020/08/10 00:00:00.000;2020/08/12 00:00:00.000;Shipped        ;320;USA                                               
10143;S18_1662       ;32;126.2;7;2020/08/10 00:00:00.000;2020/08/12 00:00:00.000;Shipped        ;320;USA                                               
10143;S18_3029       ;46;70.5;13;2020/08/10 00:00:00.000;2020/08/12 00:00:00.000;Shipped        ;320;USA                                               
10143;S18_3856       ;34;99.5;12;2020/08/10 00:00:00.000;2020/08/12 00:00:00.000;Shipped        ;320;USA                                               
10143;S24_2841       ;27;63.7;8;2020/08/10 00:00:00.000;2020/08/12 00:00:00.000;Shipped        ;320;USA                                               
10143;S24_3420       ;33;59.8;9;2020/08/10 00:00:00.000;2020/08/12 00:00:00.000;Shipped        ;320;USA                                               
10143;S24_3816       ;23;74.6;14;2020/08/10 00:00:00.000;2020/08/12 00:00:00.000;Shipped        ;320;USA                                               
10143;S24_3949       ;28;56;6;2020/08/10 00:00:00.000;2020/08/12 00:00:00.000;Shipped        ;320;USA                                               
10143;S50_1341       ;34;34.9;1;2020/08/10 00:00:00.000;2020/08/12 00:00:00.000;Shipped        ;320;USA                                               
10143;S700_1691      ;36;86.8;2;2020/08/10 00:00:00.000;2020/08/12 00:00:00.000;Shipped        ;320;USA                                               
10143;S700_2047      ;26;87.8;11;2020/08/10 00:00:00.000;2020/08/12 00:00:00.000;Shipped        ;320;USA                                               
10143;S700_2466      ;26;79.8;4;2020/08/10 00:00:00.000;2020/08/12 00:00:00.000;Shipped        ;320;USA                                               
10143;S700_2610      ;31;69.4;16;2020/08/10 00:00:00.000;2020/08/12 00:00:00.000;Shipped        ;320;USA                                               
10143;S700_3167      ;28;70.4;3;2020/08/10 00:00:00.000;2020/08/12 00:00:00.000;Shipped        ;320;USA                                               
10143;S700_4002      ;34;65.2;5;2020/08/10 00:00:00.000;2020/08/12 00:00:00.000;Shipped        ;320;USA                                               
10143;S72_1253       ;37;49.7;10;2020/08/10 00:00:00.000;2020/08/12 00:00:00.000;Shipped        ;320;USA                                               
10144;S32_4289       ;20;56.4;1;2020/08/13 00:00:00.000;2020/08/14 00:00:00.000;Shipped        ;381;Belgium                                           
10145;S10_1678       ;45;76.6;6;2020/08/25 00:00:00.000;2020/08/31 00:00:00.000;Shipped        ;205;USA                                               
10145;S10_2016       ;37;104.7;9;2020/08/25 00:00:00.000;2020/08/31 00:00:00.000;Shipped        ;205;USA                                               
10145;S10_4698       ;33;154.9;8;2020/08/25 00:00:00.000;2020/08/31 00:00:00.000;Shipped        ;205;USA                                               
10145;S12_2823       ;49;146.1;5;2020/08/25 00:00:00.000;2020/08/31 00:00:00.000;Shipped        ;205;USA                                               
10145;S18_2581       ;30;71.8;14;2020/08/25 00:00:00.000;2020/08/31 00:00:00.000;Shipped        ;205;USA                                               
10145;S18_2625       ;30;52.7;10;2020/08/25 00:00:00.000;2020/08/31 00:00:00.000;Shipped        ;205;USA                                               
10145;S24_1578       ;43;103.7;7;2020/08/25 00:00:00.000;2020/08/31 00:00:00.000;Shipped        ;205;USA                                               
10145;S24_1785       ;40;87.5;16;2020/08/25 00:00:00.000;2020/08/31 00:00:00.000;Shipped        ;205;USA                                               
10145;S24_2020       ;47;64;11;2020/08/25 00:00:00.000;2020/08/31 00:00:00.000;Shipped        ;205;USA                                               
10145;S24_2360       ;27;56.1;3;2020/08/25 00:00:00.000;2020/08/31 00:00:00.000;Shipped        ;205;USA                                               
10145;S24_4278       ;33;71.7;15;2020/08/25 00:00:00.000;2020/08/31 00:00:00.000;Shipped        ;205;USA                                               
10145;S32_1374       ;33;99.9;12;2020/08/25 00:00:00.000;2020/08/31 00:00:00.000;Shipped        ;205;USA                                               
10145;S32_2206       ;31;39.4;1;2020/08/25 00:00:00.000;2020/08/31 00:00:00.000;Shipped        ;205;USA                                               
10145;S32_4485       ;27;95.9;4;2020/08/25 00:00:00.000;2020/08/31 00:00:00.000;Shipped        ;205;USA                                               
10145;S50_4713       ;38;73.2;2;2020/08/25 00:00:00.000;2020/08/31 00:00:00.000;Shipped        ;205;USA                                               
10145;S700_2834      ;20;113.9;13;2020/08/25 00:00:00.000;2020/08/31 00:00:00.000;Shipped        ;205;USA                                               
10146;S18_3782       ;47;60.3;2;2020/09/03 00:00:00.000;2020/09/06 00:00:00.000;Shipped        ;447;USA                                               
10146;S18_4721       ;29;130.9;1;2020/09/03 00:00:00.000;2020/09/06 00:00:00.000;Shipped        ;447;USA                                               
10147;S12_1099       ;48;161.5;7;2020/09/05 00:00:00.000;2020/09/09 00:00:00.000;Shipped        ;379;USA                                               
10147;S12_3380       ;31;110.4;5;2020/09/05 00:00:00.000;2020/09/09 00:00:00.000;Shipped        ;379;USA                                               
10147;S12_3990       ;21;74.2;8;2020/09/05 00:00:00.000;2020/09/09 00:00:00.000;Shipped        ;379;USA                                               
10147;S12_4675       ;33;97.9;4;2020/09/05 00:00:00.000;2020/09/09 00:00:00.000;Shipped        ;379;USA                                               
10147;S18_1889       ;26;70.8;3;2020/09/05 00:00:00.000;2020/09/09 00:00:00.000;Shipped        ;379;USA                                               
10147;S18_3278       ;36;74.8;10;2020/09/05 00:00:00.000;2020/09/09 00:00:00.000;Shipped        ;379;USA                                               
10147;S18_3482       ;37;129.4;9;2020/09/05 00:00:00.000;2020/09/09 00:00:00.000;Shipped        ;379;USA                                               
10147;S24_2972       ;25;33.2;1;2020/09/05 00:00:00.000;2020/09/09 00:00:00.000;Shipped        ;379;USA                                               
10147;S24_3371       ;30;49;6;2020/09/05 00:00:00.000;2020/09/09 00:00:00.000;Shipped        ;379;USA                                               
10147;S24_3856       ;23;123.6;2;2020/09/05 00:00:00.000;2020/09/09 00:00:00.000;Shipped        ;379;USA                                               
10147;S24_4620       ;31;72.8;11;2020/09/05 00:00:00.000;2020/09/09 00:00:00.000;Shipped        ;379;USA                                               
10148;S18_1129       ;23;114.6;13;2020/09/11 00:00:00.000;2020/09/15 00:00:00.000;Shipped        ;276;Australia                                         
10148;S18_1589       ;47;108.3;9;2020/09/11 00:00:00.000;2020/09/15 